Title,Premiere,Genre,Runtime,Language
Beasts of No Nation,2015,War drama,minutes:137,English
The Ridiculous 6,2015,Western comedy,minutes:120,English
Pee-wee's Big Holiday,2016,Adventure comedy,minutes:90,English
Special Correspondents,2016,Satire,minutes:101,English
The Do-Over,2016,Action comedy,minutes:108,English
The Fundamentals of Caring,2016,Comedy drama,minutes:97,English
Brahman Naman,2016,Sex comedy,minutes:95,English
Rebirth,2016,Thriller,minutes:100,English
Tallulah,2016,Comedy drama,minutes:111,English
XOXO,2016,Drama,minutes:92,English
ARQ,2016,Science fiction  Thriller,minutes:88,English
The Siege of Jadotville,2016,War,minutes:108,English
Mascots,2016,Mockumentary,minutes:95,English
I Am the Pretty Thing That Lives in the House,2016,Horror,minutes:89,English
7 años,2016,Drama,minutes:77,Spanish
True Memoirs of an International Assassin,2016,Action comedy,minutes:98,English
Mercy,2016,Thriller,minutes:87,English
Spectral,2016,Science fiction  Action,minutes:108,English
Barry,2016,Biopic,minutes:104,English
Coin Heist,2017,Heist,minutes:97,English
Clinical,2017,Horror thriller,minutes:104,English
Take the 10,2017,Comedy,minutes:80,English
iBOY,2017,Science fiction  Thriller,minutes:90,English
Imperial Dreams,2017,Drama,minutes:86,English
Girlfriend's Day,2017,Comedy drama,minutes:70,English
I Don't Feel at Home in This World Anymore,2017,Thriller drama,minutes:96,English
Burning Sands,2017,Drama,minutes:102,English
Deidra & Laney Rob a Train,2017,Comedy crime,minutes:92,English
The Most Hated Woman in America,2017,Biopic,minutes:92,English
The Discovery,2017,Science fiction  Drama,minutes:102,English
Win It All,2017,Comedy,minutes:88,English
Sandy Wexler,2017,Comedy,minutes:131,English
Sand Castle,2017,War,minutes:113,English
Tramps,2017,Romantic comedy,minutes:83,English
Small Crimes,2017,Dark comedy,minutes:95,English
Handsome: A Netflix Mystery Movie,2017,Comedy mystery,minutes:81,English
BLAME!,2017,Anime  Science fiction,minutes:106,Japanese
War Machine,2017,War Comedy,minutes:122,English
Shimmer Lake,2017,Crime thriller,minutes:86,English
Okja,2017,Action adventure,minutes:121,English
To the Bone,2017,Drama,minutes:107,English
The Incredible Jessica James,2017,Romantic comedy,minutes:83,English
Naked,2017,Comedy,minutes:96,English
Death Note,2017,Horror thriller,minutes:100,English
Little Evil,2017,Comedy horror,minutes:94,English
#realityhigh,2017,Teen comedy,minutes:99,English
First They Killed My Father,2017,Biographical drama,minutes:136,Khmer
Gerald's Game,2017,Horror thriller,minutes:103,English
Our Souls at Night,2017,Romance,minutes:103,English
Bomb Scared,2017,Black comedy,minutes:89,Spanish
The Babysitter,2017,Teen comedy horror,minutes:85,English
The Meyerowitz Stories (New and Selected),2017,Comedy drama,minutes:112,English
1922,2017,Horror  Crime drama,minutes:102,English
Wheelman,2017,Action thriller,minutes:82,English
The Killer,2017,Western,minutes:99,Portuguese
A Christmas Prince,2017,Christmas romantic comedy,minutes:92,English
El Camino Christmas,2017,Christmas dark comedy,minutes:89,English
Christmas Inheritance,2017,Christmas romantic drama,minutes:104,English
Bright,2017,Urban fantasy,minutes:117,English
My Own Man,2015,Documentary,minutes:81,English
The Other One: The Long Strange Trip of Bob Weir,2015,Documentary,minutes:83,English
Hot Girls Wanted,2015,Documentary,minutes:84,English
"What Happened, Miss Simone?",2015,Documentary,minutes:84,English
Tig,2015,Documentary,minutes:80,English
Keith Richards: Under the Influence,2015,Documentary,minutes:81,English
Winter on Fire: Ukraine's Fight for Freedom,2015,Documentary,minutes:91,Ukrainian
My Beautiful Broken Brain,2016,Documentary,minutes:91,English
Team Foxcatcher,2016,Documentary,minutes:90,English
Tony Robbins: I Am Not Your Guru,2016,Documentary,minutes:116,English
I'll Sleep When I'm Dead,2016,Documentary,minutes:79,English
Extremis,2016,Documentary,minutes:24,English
The White Helmets,2016,Documentary,minutes:40,English
Audrie & Daisy,2016,Documentary,minutes:98,English
Amanda Knox,2016,Documentary,minutes:92,English
13th,2016,Documentary,minutes:100,English
Sky Ladder: The Art of Cai Guo-Qiang,2016,Documentary,minutes:79,Mandarin
Into the Inferno,2016,Documentary,minutes:107,English
The Ivory Game,2016,Documentary,minutes:112,English
Casting JonBenet,2017,Documentary,minutes:80,English
The Mars Generation,2017,Documentary,minutes:97,English
Get Me Roger Stone,2017,Documentary,minutes:101,English
Laerte-se,2017,Documentary,minutes:100,Portuguese
Joshua: Teenager vs. Superpower,2017,Documentary,minutes:78,English
CounterPunch,2017,Documentary,minutes:91,English
Nobody Speak: Trials of the Free Press,2017,Documentary,minutes:95,English
Chasing Coral,2017,Documentary,minutes:89,English
Icarus,2017,Documentary,minutes:120,English
Resurface,2017,Documentary,minutes:27,English
Heroin(e),2017,Documentary,minutes:39,English
Strong Island,2017,Documentary,minutes:107,English
Gaga: Five Foot Two,2017,Documentary,minutes:100,English
Long Shot,2017,Documentary,minutes:40,English
The Death and Life of Marsha P. Johnson,2017,Documentary,minutes:105,English
Kingdom of Us,2017,Documentary,minutes:109,English
One of Us,2017,Documentary,minutes:95,English
Joan Didion: The Center Will Not Hold,2017,Documentary,minutes:98,English
"Jim & Andy: The Great Beyond – Featuring a Very Special, Contractually Obligated Mention of Tony Clifton",2017,Documentary,minutes:94,English
Saving Capitalism,2017,Documentary,minutes:73,English
Cuba and the Cameraman,2017,Documentary,minutes:114,English
Voyeur,2017,Documentary,minutes:95,English
A Very Murray Christmas,2015,Comedy  Musical,minutes:56,English
Justin Timberlake + The Tennessee Kids,2016,Concert film,minutes:90,English
13th: A Conversation with Oprah Winfrey & Ava DuVernay,2017,Aftershow  Interview,minutes:36,English
"Michael Bolton's Big, Sexy Valentine's Day Special",2017,Variety show,minutes:54,English
Rodney King,2017,One man show,minutes:52,English
"Barbra: The Music, The Mem'ries, The Magic",2017,Concert film,minutes:108,English
The Polka King,2018,Biographical comedy,minutes:94,English
Step Sisters,2018,Comedy,minutes:108,English
The Open House,2018,Horror thriller,minutes:94,English
A Futile and Stupid Gesture,2018,Biographical comedy,minutes:101,English
The Cloverfield Paradox,2018,Science fiction horror,minutes:102,English
When We First Met,2018,Romantic comedy,minutes:97,English
Love Per Square Foot,2018,Romantic comedy,minutes:133,Hindi
Irreplaceable You,2018,Romantic drama,minutes:96,English
Mute,2018,Science fiction,minutes:126,English
The Outsider,2018,Crime drama,minutes:120,English
Benji,2018,Family,minutes:87,English
"Game Over, Man!",2018,Action comedy,minutes:101,English
Paradox,2018,Musical  Western  Fantasy,minutes:73,English
Roxanne Roxanne,2018,Musical drama,minutes:100,English
Happy Anniversary,2018,Romantic comedy,minutes:78,English
First Match,2018,Sports drama,minutes:102,English
6 Balloons,2018,Drama,minutes:75,English
Amateur,2018,Sports drama,minutes:96,English
Come Sunday,2018,Biopic,minutes:105,English
I Am Not an Easy Man,2018,Romantic comedy,minutes:98,French
Dude,2018,Teen comedy drama,minutes:97,English
Candy Jar,2018,Romantic comedy,minutes:92,English
The Week Of,2018,Comedy,minutes:116,English
Sometimes,2018,Drama,minutes:101,Tamil
Forgive Us Our Debts,2018,Drama,minutes:104,Italian
The Kissing Booth,2018,Teen romantic comedy,minutes:106,English
Cargo,2018,Drama  Horror,minutes:104,English
Ibiza,2018,Comedy,minutes:94,English
Sara's Notebook,2018,Drama,minutes:116,Spanish
Alex Strangelove,2018,Romantic comedy,minutes:99,English
Set It Up,2018,Romantic comedy,minutes:105,English
Lust Stories,2018,Drama anthology,minutes:120,Hindi
"To Each, Her Own",2018,Romantic comedy,minutes:95,French
Calibre,2018,Thriller,minutes:101,English
TAU,2018,Science fiction thriller,minutes:97,English
The Legacy of a Whitetail Deer Hunter,2018,Adventure comedy,minutes:83,English
How It Ends,2018,Action thriller,minutes:113,English
Father of the Year,2018,Comedy,minutes:94,English
Duck Duck Goose,2018,Animated comedy,minutes:92,English
Extinction,2018,Science fiction thriller,minutes:95,English
Brij Mohan Amar Rahe,2018,Action comedy,minutes:100,Hindi
Like Father,2018,Comedy drama,minutes:103,English
The Package,2018,Black comedy,minutes:94,English
To All the Boys I've Loved Before,2018,Teen romantic comedy,minutes:100,English
The After Party,2018,Comedy,minutes:89,English
Sierra Burgess Is a Loser,2018,Teen romantic comedy drama,minutes:106,English
The Most Assassinated Woman in the World,2018,Mystery,minutes:102,French
On My Skin,2018,Crime drama,minutes:100,Italian
The Land of Steady Habits,2018,Comedy drama,minutes:98,English
The Angel,2018,Spy thriller,minutes:114,English
Nappily Ever After,2018,Comedy drama,minutes:98,English
Hold the Dark,2018,Action thriller,minutes:125,English
Private Life,2018,Drama,minutes:124,English
22 July,2018,Crime drama,minutes:144,English
Apostle,2018,Horror,minutes:130,English
The Night Comes for Us,2018,Action thriller,minutes:120,Indonesian
Been So Long,2018,Musical,minutes:100,English
The Holiday Calendar,2018,Christmas romantic comedy,minutes:95,English
The Other Side of the Wind,2018,Drama,minutes:122,English
Outlaw King,2018,Historical epic,minutes:121,English
The Princess Switch,2018,Christmas romantic comedy,minutes:102,English
Cam,2018,Psychological horror,minutes:94,English
The Ballad of Buster Scruggs,2018,Western anthology,minutes:133,English
The Christmas Chronicles,2018,Christmas  Fantasy  Adventure  Comedy,minutes:105,English
A Christmas Prince: The Royal Wedding,2018,Christmas romantic comedy,minutes:93,English
Rajma Chawal,2018,Comedy drama,minutes:118,Hindi
5 Star Christmas,2018,Christmas comedy,minutes:95,Italian
Mowgli: Legend of the Jungle,2018,Adventure,minutes:104,English
Roma,2018,Drama,minutes:134,Spanish
Bird Box,2018,Psychological thriller,minutes:124,English
Seeing Allred,2018,Documentary,minutes:95,English
The Trader,2018,Documentary,minutes:23,Georgian
Ladies First,2018,Documentary,minutes:39,Hindi
Take Your Pills,2018,Documentary,minutes:87,English
"Ram Dass, Going Home",2018,Documentary,minutes:31,English
Mercury 13,2018,Documentary,minutes:79,English
The Rachel Divide,2018,Documentary,minutes:104,English
End Game,2018,Documentary,minutes:40,English
Recovery Boys,2018,Documentary,minutes:89,English
The Bleeding Edge,2018,Documentary,minutes:100,English
City of Joy,2018,Documentary,minutes:76,English
Reversing Roe,2018,Documentary,minutes:99,English
Quincy,2018,Documentary,minutes:124,English
Two Catalonias,2018,Documentary,minutes:116,Spanish
Lessons from a School Shooting: Notes from Dunblane,2018,Documentary,minutes:23,English
Feminists: What Were They Thinking?,2018,Documentary,minutes:86,English
ReMastered: Who Shot the Sheriff?,2018,Documentary,minutes:57,English
Shirkers,2018,Documentary,minutes:97,English
They'll Love Me When I'm Dead,2018,Documentary,minutes:98,English
ReMastered: Tricky Dick & the Man in Black,2018,Documentary,minutes:58,English
The American Meme,2018,Documentary,minutes:98,English
ReMastered: Who Killed Jam Master Jay?,2018,Documentary,minutes:58,English
"Out of Many, One",2018,Documentary,minutes:34,English
Struggle: The Life and Lost Art of Szukalski,2018,Documentary,minutes:105,English
Loudon Wainwright III: Surviving Twin,2018,One man show,minutes:91,English
Angela's Christmas,2018,Animation,minutes:30,English
Springsteen on Broadway,2018,One man show,minutes:153,English
Porta dos Fundos: The Last Hangover,2018,Comedy,minutes:44,Portuguese
Taylor Swift: Reputation Stadium Tour,2018,Concert film,minutes:125,English
Zion,2018,Documentary,minutes:11,English
Lionheart,2019,Drama,minutes:94,English
The Last Laugh,2019,Comedy,minutes:98,English
IO,2019,Science fiction,minutes:96,English
Soni,2019,Crime drama,minutes:97,Hindi
Polar,2019,Action,minutes:118,English
Velvet Buzzsaw,2019,Dark comedy horror,minutes:112,English
High Flying Bird,2019,Sports drama,minutes:90,English
Firebrand,2019,Drama,minutes:116,Marathi
Paris Is Us,2019,Romance drama,minutes:84,French
Paddleton,2019,Comedy drama,minutes:89,English
Walk. Ride. Rodeo.,2019,Biopic,minutes:99,English
Juanita,2019,Drama,minutes:90,English
Triple Frontier,2019,Action adventure,minutes:125,English
Altered Carbon: Resleeved,2020,AnimeScience fiction,minutes:74,Japanese
The Dirt,2019,Biographical comedy,minutes:108,English
The Highwaymen,2019,Crime drama,minutes:132,English
15 August,2019,Comedy drama,minutes:124,Marathi
Unicorn Store,2019,Comedy drama,minutes:91,English
Who Would You Take to a Deserted Island?,2019,Drama,minutes:93,Spanish
The Perfect Date,2019,Teen romantic comedy,minutes:90,English
Someone Great,2019,Romantic comedy,minutes:92,English
Music Teacher,2019,Drama,minutes:101,Hindi
Despite Everything,2019,Comedy,minutes:78,Spanish
The Last Summer,2019,Teen romantic comedy,minutes:109,English
Wine Country,2019,Comedy,minutes:103,English
Good Sam,2019,Drama,minutes:90,English
See You Yesterday,2019,Science fiction,minutes:87,English
Rim of the World,2019,Science fiction adventure,minutes:99,English
The Perfection,2019,Horror thriller,minutes:90,English
Always Be My Maybe,2019,Romantic comedy,minutes:102,English
Chopsticks,2019,Comedy,minutes:100,Hindi
Elisa & Marcela,2019,Biographical romance,minutes:118,Spanish
Murder Mystery,2019,Comedy mystery,minutes:97,English
Beats,2019,Coming of age drama,minutes:110,English
Point Blank,2019,Action,minutes:86,English
Secret Obsession,2019,Thriller,minutes:97,English
The Red Sea Diving Resort,2019,Spy thriller,minutes:130,English
Otherhood,2019,Comedy,minutes:100,English
Jaoon Kahan Bata Ae Dil,2019,Romantic drama,minutes:106,Hindi
Invader Zim: Enter the Florpus,2019,Animation  Science fiction,minutes:71,English
Sextuplets,2019,Comedy,minutes:99,English
Falling Inn Love,2019,Romantic comedy,minutes:98,English
Back to School,2019,Comedy,minutes:83,French
Tall Girl,2019,Teen comedy drama,minutes:102,English
Between Two Ferns: The Movie,2019,Comedy,minutes:82,English
In the Shadow of the Moon,2019,Science fiction thriller,minutes:115,English
In the Tall Grass,2019,Horror,minutes:101,English
El Camino: A Breaking Bad Movie,2019,Crime drama,minutes:122,English
Fractured,2019,Thriller,minutes:100,English
The Forest of Love,2019,Crime thriller,minutes:151,Japanese
Street Flow,2019,Drama,minutes:96,French
Eli,2019,Horror,minutes:98,English
Seventeen,2019,Coming of age comedy drama,minutes:99,Spanish
The Laundromat,2019,Biographical comedy drama,minutes:96,English
Upstarts,2019,Comedy drama,minutes:112,Hindi
Dolemite Is My Name,2019,Biopic,minutes:118,English
Rattlesnake,2019,Horror,minutes:85,English
The King,2019,Historical drama,minutes:140,English
American Son,2019,Drama,minutes:90,English
Drive,2019,Action,minutes:119,Hindi
Holiday in the Wild,2019,Christmas adventure romance,minutes:86,English
Let It Snow,2019,Christmas romantic comedy,minutes:93,English
Earthquake Bird,2019,Thriller,minutes:106,English
House Arrest,2019,Comedy,minutes:104,Hindi
Klaus,2019,Animation  Christmas  Comedy  Adventure,minutes:98,English
The Knight Before Christmas,2019,Christmas romantic comedy,minutes:92,English
The Irishman,2019,Crime drama,minutes:209,English
Holiday Rush,2019,Christmas family,minutes:94,English
Dead Kids,2019,Thriller,minutes:94,Filipino
A Christmas Prince: The Royal Baby,2019,Christmas romantic comedy,minutes:85,English
Marriage Story,2019,Drama,minutes:136,English
6 Underground,2019,Action,minutes:128,English
The Two Popes,2019,Biographical drama,minutes:125,English
Como caído del cielo,2019,Comedy,minutes:117,Spanish
The App,2019,Science fiction drama,minutes:79,Italian
ReMastered: Massacre at the Stadium,2019,Documentary,minutes:64,English
Fyre: The Greatest Party That Never Happened,2019,Documentary,minutes:97,English
ReMastered: The Two Killings of Sam Cooke,2019,Documentary,minutes:64,English
Period. End of Sentence.,2019,Documentary,minutes:26,Hindi
Antoine Griezmann: The Making of a Legend,2019,Documentary,minutes:60,French
ReMastered: The Miami Showband Massacre,2019,Documentary,minutes:70,English
The Legend of Cocaine Island,2019,Documentary,minutes:87,English
Homecoming: A Film by Beyoncé,2019,Documentary,minutes:137,English
Brené Brown: The Call to Courage,2019,Documentary,minutes:76,English
Grass Is Greener,2019,Documentary,minutes:97,English
ReMastered: Devil at the Crossroads,2019,Documentary,minutes:48,English
Knock Down the House,2019,Documentary,minutes:87,English
All in My Family,2019,Documentary,minutes:39,English
ReMastered: The Lion's Share,2019,Documentary,minutes:84,English
A Tale of Two Kitchens,2019,Documentary,minutes:30,Spanish
After Maria,2019,Documentary,minutes:37,Spanish
The Black Godfather,2019,Documentary,minutes:118,English
Rolling Thunder Revue: A Bob Dylan Story by Martin Scorsese,2019,Documentary,minutes:142,English
Life Overtakes Me,2019,Documentary,minutes:40,English
The Edge of Democracy,2019,Documentary,minutes:121,Portuguese
Parchis: The Documentary,2019,Documentary,minutes:106,Spanish
The Great Hack,2019,Documentary,minutes:114,English
Enter the Anime,2019,Documentary,minutes:58,English
American Factory,2019,Documentary,minutes:110,English
Travis Scott: Look Mom I Can Fly,2019,Documentary,minutes:85,English
Evelyn,2019,Documentary,minutes:96,English
"Hello, Privilege. It's Me, Chelsea",2019,Documentary,minutes:64,English
Los Tigres del Norte at Folsom Prison,2019,Documentary,minutes:64,Spanish
Birders,2019,Documentary,minutes:37,Spanish
Ghosts of Sugar Land,2019,Documentary,minutes:21,English
Tell Me Who I Am,2019,Documentary,minutes:85,English
Dancing with the Birds,2019,Documentary,minutes:51,English
It Takes a Lunatic,2019,Documentary,minutes:126,English
A 3 Minute Hug,2019,Documentary,minutes:28,Spanish
Fire in Paradise,2019,Documentary,minutes:39,English
"Bikram: Yogi, Guru, Predator",2019,Documentary,minutes:86,English
"Lorena, Light-Footed Woman",2019,Documentary,minutes:28,Spanish
After the Raid,2019,Documentary,minutes:25,Spanish
El Pepe: A Supreme Life,2019,Documentary,minutes:73,Spanish
Kevin Hart's Guide to Black History,2019,Variety show,minutes:63,English
Still Laugh-In: The Stars Celebrate,2019,Variety show,minutes:60,English
The Lonely Island Presents: The Unauthorized Bash Brothers Experience,2019,Comedy  Musical,minutes:30,English
"Frankenstein's Monster's Monster, Frankenstein",2019,Mockumentary,minutes:32,English
Rocko's Modern Life: Static Cling,2019,Animation  Comedy,minutes:45,English
Sturgill Simpson Presents: Sound & Fury,2019,Animation  Musical,minutes:41,English
The Irishman: In Conversation,2019,Aftershow  Interview,minutes:23,English
Porta dos Fundos: The First Temptation of Christ,2019,Comedy,minutes:46,Portuguese
John Mulaney & the Sack Lunch Bunch,2019,Variety show,minutes:70,English
Anima,2019,Musical,minutes:15,English
American Factory: A Conversation with the Obamas,2019,Aftershow  Interview,minutes:10,English
Little Miss Sumo,2019,Documentary,minutes:19,Japanese
The Road to El Camino: A Breaking Bad Movie,2019,Making of,minutes:13,English
Ghost Stories,2020,Horror anthology,minutes:144,Hindi
A Fall from Grace,2020,Thriller,minutes:120,English
Airplane Mode,2020,Comedy,minutes:96,Portuguese
Horse Girl,2020,Psychological drama,minutes:104,English
To All the Boys: P.S. I Still Love You,2020,Teen romantic comedy,minutes:102,English
Isi & Ossi,2020,Romantic comedy,minutes:113,German
The Last Thing He Wanted,2020,Political thriller,minutes:115,English
Yeh Ballet,2020,Drama,minutes:117,Hindi
All the Bright Places,2020,Teen romance,minutes:108,English
Guilty,2020,Thriller drama,minutes:119,Hindi
Spenser Confidential,2020,Action comedy,minutes:111,English
Lost Girls,2020,Crime drama,minutes:95,English
Ultras,2020,Sports,minutes:109,Italian
The Occupant,2020,Thriller,minutes:103,Spanish
Maska,2020,Romantic comedy,minutes:111,Hindi
The Decline,2020,Action thriller,minutes:83,French
Uncorked,2020,Drama,minutes:104,English
Coffee & Kareem,2020,Action comedy,minutes:88,English
The Main Event,2020,Sports comedy,minutes:103,English
Love Wedding Repeat,2020,Romantic comedy,minutes:100,English
Tigertail,2020,Drama,minutes:91,English
Earth and Blood,2020,Action,minutes:80,French
Rising High,2020,Satire drama,minutes:94,German
Sergio,2020,Biopic,minutes:118,English
The Willoughbys,2020,Animated comedy,minutes:92,English
Time to Hunt,2020,Action thriller,minutes:135,Korean
Extraction,2020,Action,minutes:117,English
Dangerous Lies,2020,Thriller,minutes:97,English
Rich in Love,2020,Romantic comedy,minutes:105,Portuguese
All Day and a Night,2020,Drama,minutes:121,English
Mrs. Serial Killer,2020,Crime,minutes:107,Hindi
The Half of It,2020,Teen romance,minutes:105,English
The Wrong Missy,2020,Black comedy,minutes:90,English
The Lovebirds,2020,Romantic comedy,minutes:87,English
I'm No Longer Here,2020,Drama,minutes:112,Spanish
Intuition,2020,Crime thriller,minutes:116,Spanish
Choked: Paisa Bolta Hai,2020,Drama,minutes:114,Hindi
The Last Days of American Crime,2020,Heist thriller,minutes:149,English
Da 5 Bloods,2020,War drama,minutes:155,English
A Whisker Away,2020,Anime fantasy,minutes:105,Japanese
Feel the Beat,2020,Family  Comedy drama,minutes:109,English
Lost Bullet,2020,Action,minutes:93,French
One-Way to Tomorrow,2020,Romantic drama,minutes:90,Turkish
Bulbbul,2020,Horror,minutes:94,Hindi
Nobody Knows I'm Here,2020,Drama,minutes:91,Spanish
Eurovision Song Contest: The Story of Fire Saga,2020,Musical comedy,minutes:123,English
Under the Riccione Sun,2020,Romantic teenage drama,minutes:102,Italian
Desperados,2020,Romantic comedy,minutes:106,English
The Old Guard,2020,Superhero,minutes:125,English
The Players,2020,Comedy,minutes:88,Italian
Fatal Affair,2020,Psychological thriller,minutes:89,English
Offering to the Storm,2020,Crime thriller,minutes:139,Spanish
The Kissing Booth 2,2020,Teen romantic comedy,minutes:132,English
Seriously Single,2020,Comedy,minutes:107,English
Raat Akeli Hai,2020,Thriller,minutes:149,Hindi
Work It,2020,Dance comedy,minutes:93,English
Gunjan Saxena: The Kargil Girl,2020,Biographical drama,minutes:112,Hindi
Project Power,2020,Superhero,minutes:113,English
Fearless,2020,Animation  Superhero,minutes:91,English
Crazy Awesome Teachers,2020,Comedy drama,minutes:101,Indonesian
The Crimes That Bind,2020,Crime drama,minutes:99,Spanish
The Sleepover,2020,Action comedy,minutes:103,English
Class of '83,2020,Crime  Drama,minutes:98,Hindi
Dark Forces,2020,Thriller,minutes:81,Spanish
All Together Now,2020,Drama,minutes:93,English
Unknown Origins,2020,Thriller,minutes:96,Spanish
Freaks – You're One of Us,2020,Supernatural drama,minutes:92,German
"Love, Guaranteed",2020,Romantic comedy,minutes:91,English
I'm Thinking of Ending Things,2020,Psychological thriller,minutes:134,English
The Babysitter: Killer Queen,2020,Comedy  Horror,minutes:102,English
Dad Wanted,2020,Family,minutes:103,Spanish
The Devil All The Time,2020,Psychological thriller,minutes:138,English
The Paramedic,2020,Thriller,minutes:94,Spanish
Dolly Kitty Aur Woh Chamakte Sitare,2020,Drama,minutes:120,Hindi
Whipped,2020,Romantic comedy,minutes:97,Indonesian
The Boys in the Band,2020,Drama,minutes:122,English
All Because of You,2020,Action comedy,minutes:101,Malay
Òlòtūré,2020,Crime drama,minutes:106,English
Serious Men,2020,Comedy drama,minutes:114,Hindi
The Binding,2020,Horror,minutes:93,Italian
Vampires vs. the Bronx,2020,Horror comedy,minutes:85,English
You've Got This,2020,Romantic comedy,minutes:111,Spanish
Hubie Halloween,2020,Comedy,minutes:103,English
Ginny Weds Sunny,2020,Romantic comedy,minutes:125,Hindi
The Forty-Year-Old Version,2020,Comedy drama,minutes:124,English
A Babysitter's Guide to Monster Hunting,2020,Comedy  Fantasy  Family,minutes:98,English
Love Like the Falling Rain,2020,Teen romantic drama,minutes:86,Indonesian
The Trial of the Chicago 7,2020,Historical legal drama,minutes:130,English
Rebecca,2020,Romantic thriller,minutes:123,English
Cadaver,2020,Horror,minutes:86,Norwegian
Over the Moon,2020,Animated musical fantasy,minutes:100,English
Holidate,2020,Christmas romantic comedy,minutes:104,English
Nobody Sleeps in the Woods Tonight,2020,Horror,minutes:103,Polish
His House,2020,Thriller,minutes:93,English
Kaali Khuhi,2020,Horror,minutes:90,Hindi
Rogue City,2020,Crime,minutes:116,French
The Day of the Lord,2020,Horror,minutes:93,Spanish
Operation Christmas Drop,2020,Christmas romantic comedy,minutes:96,English
Citation,2020,Drama,minutes:151,English
What We Wanted,2020,Drama,minutes:93,German
Ludo,2020,Anthology  Dark comedy,minutes:150,Hindi
Jingle Jangle: A Christmas Journey,2020,Family  Christmas musical,minutes:119,English
The Life Ahead,2020,Drama,minutes:95,Italian
The Princess Switch: Switched Again,2020,Christmas romantic comedy,minutes:97,English
Christmas on the Square,2020,Christmas musical,minutes:98,English
Hillbilly Elegy,2020,Drama,minutes:117,English
Notes for My Son,2020,Drama,minutes:83,Spanish
The Christmas Chronicles: Part Two,2020,Christmas comedy,minutes:115,English
The Beast,2020,Action thriller,minutes:99,Italian
The Call,2020,Psychological thriller,minutes:112,Korean
Finding Agnes,2020,Drama,minutes:105,Filipino
Just Another Christmas,2020,Christmas comedy,minutes:101,Portuguese
Christmas Crossfire,2020,Christmas thriller,minutes:106,German
Leyla Everlasting,2020,Comedy,minutes:112,Turkish
Mank,2020,Biopic,minutes:132,English
The Claus Family,2020,Christmas fantasy,minutes:97,Dutch
Rose Island,2020,Comedy drama,minutes:118,Italian
The Prom,2020,Musical,minutes:132,English
A California Christmas,2020,Christmas romantic comedy,minutes:107,English
Ma Rainey's Black Bottom,2020,Drama,minutes:94,English
The Midnight Sky,2020,Science fiction,minutes:118,English
AK vs AK,2020,Black comedy thriller,minutes:109,Hindi
We Can Be Heroes,2020,Superhero,minutes:100,English
Miss Americana,2020,Documentary,minutes:85,English
A Life of Speed: The Juan Manuel Fangio Story,2020,Documentary,minutes:92,Spanish
Crip Camp: A Disability Revolution,2020,Documentary,minutes:108,English
LA Originals,2020,Documentary,minutes:92,English
Circus of Books,2020,Documentary,minutes:86,English
A Secret Love,2020,Documentary,minutes:82,English
Murder to Mercy: The Cyntoia Brown Story,2020,Documentary,minutes:97,English
Becoming,2020,Documentary,minutes:89,English
Have a Good Trip: Adventures in Psychedelics,2020,Documentary,minutes:85,English
Spelling the Dream,2020,Documentary,minutes:83,English
One Take,2020,Documentary,minutes:85,Thai
Disclosure: Trans Lives on Screen,2020,Documentary,minutes:107,English
Athlete A,2020,Documentary,minutes:104,English
Mucho Mucho Amor: The Legend of Walter Mercado,2020,Documentary,minutes:96,English
We Are One,2020,Documentary,minutes:86,French
Father Soldier Son,2020,Documentary,minutes:100,English
The Speed Cubers,2020,Documentary,minutes:40,English
Anelka: Misunderstood,2020,Documentary,minutes:94,French
Rising Phoenix,2020,Documentary,minutes:106,English
My Octopus Teacher,2020,Documentary,minutes:85,English
The Social Dilemma,2020,Documentary,minutes:94,English
Hope Frozen: A Quest to Live Twice,2020,Documentary,minutes:80,Thai
GIMS: On the Record,2020,Documentary,minutes:96,French
American Murder: The Family Next Door,2020,Documentary,minutes:82,English
Dick Johnson Is Dead,2020,Documentary,minutes:90,English
David Attenborough: A Life on Our Planet,2020,Documentary,minutes:83,English
Bigflo & Oli: Hip Hop Frenzy,2020,Documentary,minutes:100,French
Blackpink: Light Up the Sky,2020,Documentary,minutes:79,Korean
The Three Deaths of Marisela Escobedo,2020,Documentary,minutes:109,Spanish
Rooting for Roona,2020,Documentary,minutes:41,Bengali
Guillermo Vilas: Settling the Score,2020,Documentary,minutes:94,Spanish
Secrets of the Saqqara Tomb,2020,Documentary,minutes:114,English
Shawn Mendes: In Wonder,2020,Documentary,minutes:83,English
Dance Dreams: Hot Chocolate Nutcracker,2020,Documentary,minutes:80,English
Emicida: AmarElo – It's All For Yesterday,2020,Documentary,minutes:89,Portuguese
Giving Voice,2020,Documentary,minutes:90,English
Road to Roma,2020,Making of,minutes:72,Spanish
Ben Platt: Live from Radio City Music Hall,2020,Concert film,minutes:85,English
The Boys in the Band: Something Personal,2020,Aftershow  Interview,minutes:28,English
Sarah Cooper: Everything's Fine,2020,Variety show,minutes:49,English
Alien Xmas,2020,Stop motion,minutes:42,English
Shawn Mendes: Live in Concert,2020,Concert film,minutes:87,English
Angela's Christmas Wish,2020,Animation,minutes:47,English
Ma Rainey's Black Bottom: A Legacy Brought to Screen,2020,Aftershow  Interview,minutes:31,English
"Ariana Grande: Excuse Me, I Love You",2020,Concert film,minutes:97,English
Death to 2020,2020,Comedy,minutes:70,English
What Did Jack Do?,2020,Drama,minutes:17,English
Sitara: Let Girls Dream,2020,Animation,minutes:15,English
Sol Levante,2020,Anime,minutes:4,English
The Claudia Kishi Club,2020,Documentary,minutes:17,English
John Was Trying to Contact Aliens,2020,Documentary,minutes:16,English
A Love Song for Latasha,2020,Documentary,minutes:19,English
I'm No Longer Here: A Discussion with Guillermo del Toro and Alfonso Cuarón,2020,Aftershow  Interview,minutes:14,English
If Anything Happens I Love You,2020,Animation,minutes:12,English
Canvas,2020,Animation,minutes:9,English
Cops and Robbers,2020,Animation,minutes:7,English
What Happened to Mr. Cha?,2021,Comedy,minutes:102,Korean
Pieces of a Woman,2021,Drama,minutes:126,English
Stuck Apart,2021,Drama,minutes:96,Turkish
The Heartbreak Club,2021,Comedy drama,minutes:101,Indonesian
Double Dad,2021,Comedy drama,minutes:105,Portuguese
Outside the Wire,2021,Action  science fiction,minutes:115,English
Tribhanga – Tedhi Medhi Crazy,2021,Drama,minutes:95,Hindi
The White Tiger,2021,Drama,minutes:125,English
June & Kopi,2021,Drama,minutes:90,Indonesian
Finding ʻOhana,2021,Family,minutes:123,English
The Dig,2021,Drama,minutes:112,English
Below Zero,2021,Drama,minutes:106,Spanish
The Last Paradiso,2021,Romantic drama,minutes:107,Italian
Malcolm & Marie,2021,Romantic drama,minutes:106,English
Space Sweepers,2021,Science fiction,minutes:136,Korean
The Misadventures of Hedi and Cokeman,2021,Comedy,minutes:99,French
Red Dot,2021,Thriller,minutes:86,Swedish
Squared Love,2021,Romantic comedy,minutes:102,Polish
To All the Boys: Always and Forever,2021,Romantic comedy,minutes:115,English
Geez & Ann,2021,Romantic drama,minutes:105,Indonesian
Crazy About Her,2021,Romantic comedy,minutes:102,Spanish
The Girl on the Train,2021,Thriller,minutes:120,Hindi
Moxie,2021,Drama,minutes:111,English
Sentinelle,2021,Action,minutes:80,French
Yes Day,2021,Comedy,minutes:89,English
Paper Lives,2021,Drama,minutes:97,Turkish
Get the Goat,2021,Comedy,minutes:98,Portuguese
Caught by a Wave,2021,Romantic teen drama,minutes:99,Italian
A Week Away,2021,Christian musical,minutes:97,English
Bad Trip,2021,Hidden camera prank comedy,minutes:86,English
Pagglait,2021,Comedy drama,minutes:114,Hindi
Tersanjung the Movie,2021,Drama,minutes:114,Indonesian
Concrete Cowboy,2021,Drama,minutes:111,English
Just Say Yes,2021,Romantic comedy,minutes:97,Dutch
Madame Claude,2021,Drama,minutes:112,French
Have You Ever Seen Fireflies?,2021,Comedy,minutes:114,Turkish
Night in Paradise,2021,Drama,minutes:132,Korean
Thunder Force,2021,Superhero comedy,minutes:107,English
Prime Time,2021,Thriller,minutes:92,Polish
Ride or Die,2021,Psychological thriller drama,minutes:142,Japanese
Ajeeb Daastaans,2021,Drama,minutes:142,Hindi
Get the Grift,2021,Comedy,minutes:95,Portuguese
Things Heard & Seen,2021,Horror,minutes:121,English
The Disciple,2021,Drama,minutes:128,Marathi
Milestone,2021,Drama,minutes:97,Hindi
Monster,2021,Drama,minutes:99,English
Oxygen,2021,Science fiction thriller,minutes:101,French
Ferry,2021,Crime drama,minutes:107,Dutch
I Am All Girls,2021,Thriller,minutes:107,English
The Woman in the Window,2021,Psychological thriller,minutes:101,English
Sardar Ka Grandson,2021,Comedy,minutes:139,Hindi
Army of the Dead,2021,Zombieheist,minutes:148,English
Baggio: The Divine Ponytail,2021,Biopic,minutes:92,Italian
Ghost Lab,2021,Horror,minutes:117,Thai
Blue Miracle,2021,Drama,minutes:96,English
Carnaval,2021,Comedy,minutes:95,Portuguese
Dancing Queens,2021,Drama,minutes:111,Swedish
Sweet & Sour,2021,Romantic drama,minutes:102,Korean
Trippin' with the Kandasamys,2021,Comedy,minutes:93,English
Xtreme,2021,Action,minutes:112,Spanish
Awake,2021,Science fiction thriller,minutes:97,English
Tragic Jungle,2021,Drama,minutes:96,Spanish
Skater Girl,2021,Coming of age sports drama,minutes:109,Hindi
Ali & Ratu Ratu Queens,2021,Comedy drama,minutes:100,Indonesian
Jagame Thandhiram,2021,Action thriller,minutes:158,Tamil
Good on Paper,2021,Comedy,minutes:94,English
America: The Motion Picture,2021,Animation  comedy  historical fiction,minutes:98,English
Fear Street Part 1: 1994,2021,Teen horror  slasher,minutes:107,English
The 8th Night,2021,Thriller film,minutes:115,Korean
Haseen Dillruba,2021,Romantic thriller,minutes:135,Hindi
Fear Street Part 2: 1978,2021,Teen horror  slasher,minutes:110,English
Last Summer,2021,Romantic drama,minutes:101,Turkish
A Classic Horror Story,2021,Horror,minutes:95,Italian
A Perfect Fit,2021,Romantic comedy  drama,minutes:112,Indonesian
My Amanda,2021,Romance,minutes:89,Filipino
Deep,2021,Science fiction,minutes:101,Thai
Fear Street Part 3: 1666,2021,Supernatural horror,minutes:114,English
Blood Red Sky,2021,Thriller,minutes:123,German
Bankrolled,2021,Comedy,minutes:97,Spanish
Bartkowiak,2021,Action,minutes:91,Polish
Resort to Love,2021,Romantic comedy,minutes:101,English
The Last Mercenary,2021,Action comedy,minutes:112,French
The Kissing Booth 3,2021,Comedy drama,minutes:113,English
Beckett,2021,Action thriller,minutes:110,English
Black Island,2021,Thriller,minutes:104,German
The Secret Diary of an Exchange Student,2021,Romantic comedy,minutes:96,Portuguese
Sweet Girl,2021,Action,minutes:110,English
The Loud House Movie,2021,Animationcomedy,minutes:87,English
The Witcher: Nightmare of the Wolf,2021,Animated dark fantasy,minutes:83,English
He's All That,2021,Teen romantic comedy,minutes:91,English
Afterlife of the Party,2021,Comedy,minutes:109,English
JJ+E,2021,Romance,minutes:91,Swedish
Kate,2021,Action thriller,minutes:106,English
Prey,2021,Thriller,minutes:87,German
Nightbooks,2021,Fantasyhorror,minutes:100,English
Ankahi Kahaniya,2021,Anthology film,minutes:110,Hindi
Confessions of an Invisible Girl,2021,Drama,minutes:91,Portuguese
Intrusion,2021,Thriller,minutes:93,English
The Starling,2021,Comedy drama,minutes:104,English
Friendzone,2021,Romantic comedy,minutes:88,French
No One Gets Out Alive,2021,Horror,minutes:85,English
Sounds Like Love,2021,Romantic comedy,minutes:110,Spanish
Diana: The Musical,2021,Musical,minutes:117,English
Forever Rich,2021,Thriller,minutes:90,Dutch
Swallow,2021,Drama,minutes:128,English
The Guilty,2021,Thriller,minutes:91,English
There's Someone Inside Your House,2021,Slasher,minutes:96,English
Grudge,2021,Thriller,minutes:106,Turkish
"My Brother, My Sister",2021,Drama,minutes:110,Italian
Bright: Samurai Soul,2021,Animefantasy,minutes:80,Japanese
Fever Dream,2021,Drama,minutes:93,Spanish
Operation Hyacinth,2021,Drama,minutes:112,Polish
A World Without,2021,Science fiction  teen drama,minutes:107,Indonesian
The Four of Us,2021,Comedy,minutes:88,German
Night Teeth,2021,Thriller,minutes:108,English
Stuck Together,2021,Comedy,minutes:126,French
Little Big Mouth,2021,Romantic comedy,minutes:94,English
Hypnotic,2021,Thriller,minutes:89,English
Nobody Sleeps in the Woods Tonight Part 2,2021,Horror,minutes:97,Polish
Army of Thieves,2021,Romantic comedy  heist,minutes:129,English
The Harder They Fall,2021,Western,minutes:139,English
Love Hard,2021,Romantic comedy,minutes:106,English
Meenakshi Sundareshwar,2021,Romantic comedy,minutes:141,Hindi
We Couldn't Become Adults,2021,Drama,minutes:124,Japanese
Yara,2021,Drama,minutes:96,Italian
Father Christmas Is Back,2021,Comedy,minutes:105,English
Happiness Ever After,2021,Romantic drama,minutes:99,English
Passing,2021,Drama,minutes:99,English
7 Prisoners,2021,Drama,minutes:94,Portuguese
Red Notice,2021,Action comedy,minutes:117,English
Just Short of Perfect,2021,Romantic comedy,minutes:94,Portuguese
The Princess Switch 3: Romancing the Star,2021,Romantic comedy,minutes:106,English
Dhamaka,2021,Action thriller,minutes:104,Hindi
Love Me Instead,2021,Drama,minutes:124,Turkish
"Tick, Tick... Boom!",2021,Musical,minutes:115,English
Bruised,2021,Drama,minutes:132,English
A Castle for Christmas,2021,Romantic comedy,minutes:99,English
The Power of the Dog,2021,Drama,minutes:128,English
Single All the Way,2021,Holiday romantic comedy,minutes:101,English
The Whole Truth,2021,Horror,minutes:125,Thai
Mixtape,2021,Coming of age comedy drama,minutes:97,English
David and the Elves,2021,Fantasy,minutes:106,Polish
The Claus Family 2,2021,Fantasy,minutes:97,Dutch
Asakusa Kid,2021,Drama,minutes:123,Japanese
Anonymously Yours,2021,Romantic comedy,minutes:101,Spanish
Back to the Outback,2021,Animation,minutes:95,English
The Unforgivable,2021,Drama,minutes:114,English
The Hand of God,2021,Drama,minutes:130,Italian
A California Christmas: City Lights,2021,Romantic comedy,minutes:90,English
A Naija Christmas,2021,Romantic comedy,minutes:121,English
Grumpy Christmas,2021,Comedy,minutes:87,Spanish
1000 Miles from Christmas,2021,Christmas film,minutes:102,Spanish
Don't Look Up,2021,Science fiction comedy,minutes:138,English
Minnal Murali,2021,Superhero,minutes:159,Malayalam
Lulli,2021,Comedy,minutes:90,Portuguese
The Minimalists: Less Is Now,2021,Documentary,minutes:53,English
Tony Parker: The Final Shot,2021,Documentary,minutes:98,French
"Crack: Cocaine, Corruption & Conspiracy",2021,Documentary,minutes:89,English
What Would Sophia Loren Do?,2021,Documentary,minutes:32,English
"Strip Down, Rise Up",2021,Documentary,minutes:112,English
Pelé,2021,Documentary,minutes:108,Portuguese
Biggie: I Got a Story to Tell,2021,Documentary,minutes:97,English
Operation Varsity Blues: The College Admissions Scandal,2021,Documentary,minutes:99,English
Seaspiracy,2021,Documentary,minutes:89,English
Dolly Parton: A MusiCares Tribute,2021,Documentary,minutes:55,English
Why Did You Kill Me?,2021,Documentary,minutes:83,English
Chadwick Boseman: Portrait of an Artist,2021,Documentary,minutes:21,English
Searching for Sheela,2021,Documentary,minutes:58,English
Nail Bomber: Manhunt,2021,Documentary,minutes:72,English
Breaking Boundaries: The Science of Our Planet,2021,Documentary,minutes:73,English
Kitty Love: An Homage to Cats,2021,Documentary,minutes:60,Dutch
Murder by the Coast,2021,Documentary,minutes:88,Spanish
Sisters on Track,2021,Documentary,minutes:96,English
Audible,2021,Documentary,minutes:38,English
Private Network: Who Killed Manuel Buendia?,2021,Documentary,minutes:100,Spanish
Pray Away,2021,Documentary,minutes:101,English
Shiny_Flakes: The Teenage Drug Lord,2021,Documentary,minutes:96,German
Untold: Malice at the Palace,2021,Documentary,minutes:69,English
Untold: Deal with the Devil,2021,Documentary,minutes:77,English
Memories of a Murderer: The Nilsen Tapes,2021,Documentary,minutes:85,English
Untold: Caitlyn Jenner,2021,Documentary,minutes:69,English
"Bob Ross: Happy Accidents, Betrayal & Greed",2021,Documentary,minutes:93,English
Untold: Crimes & Penalties,2021,Documentary,minutes:86,English
Untold: Breaking Point,2021,Documentary,minutes:79,English
Blood Brothers: Malcolm X & Muhammad Ali,2021,Documentary,minutes:96,English
The Women and the Murderer,2021,Documentary,minutes:92,French
Schumacher,2021,Documentary,minutes:112,English
My Heroes Were Cowboys,2021,Documentary,minutes:23,English
Britney vs Spears,2021,Documentary,minutes:93,English
Convergence: Courage in a Crisis,2021,Documentary,minutes:113,English
Making Malinche: A Documentary by Nacho Cano,2021,Documentary,minutes:89,Spanish
Found,2021,Documentary,minutes:98,English
Flip a Coin – One OK Rock Documentary,2021,Documentary,minutes:105,Japanese
Lords of Scam,2021,Documentary,minutes:105,French
A Cop Movie,2021,Documentary,minutes:107,Spanish
Procession,2021,Documentary,minutes:118,English
Angèle,2021,Documentary,minutes:84,French
14 Peaks: Nothing Is Impossible,2021,Documentary,minutes:101,English
Lead Me Home,2021,Documentary,minutes:40,English
137 Shots,2021,Documentary,minutes:105,English
Puff: Wonders of the Reef,2021,Documentary,minutes:62,English
To All the Boys: Always and Forever – The Afterparty,2021,Aftershow,minutes:36,English
Creating an Army of the Dead,2021,Making of,minutes:28,English
Emicida: AmarElo – Live in São Paulo,2021,Concert,minutes:99,Portuguese
Monster Hunter: Legends of the Guild,2021,Animated fantasy,minutes:58,English
Attack of The Hollywood Clichés!,2021,Comedy,minutes:58,English
Escape the Undertaker,2021,Interactive horror,minutes:31,English
Sex: Unzipped,2021,Comedy,minutes:59,English
Robin Robin,2021,Stop motion  musical,minutes:32,English
Death to 2021,2021,Comedy,minutes:60,English
Four to Dinner,2022,Romantic comedy,minutes:90,Italian
The Wasteland,2022,Horror,minutes:92,Spanish
How I Fell in Love with a Gangster,2022,Drama,minutes:179,Polish
Brazen,2022,Romantic thriller,minutes:96,English
Photocopier,2022,Coming of age drama,minutes:130,Indonesian
This Is Not a Comedy,2022,Comedy drama,minutes:105,Spanish
The Royal Treatment,2022,Romance,minutes:97,English
Amandla,2022,Drama,minutes:106,English
Munich – The Edge of War,2022,Historical drama  thriller,minutes:131,English
My Father's Violin,2022,Drama,minutes:112,Turkish
Home Team,2022,Sports comedy,minutes:97,English
Looop Lapeta,2022,Romantic thriller,minutes:131,Hindi
Through My Window,2022,Drama,minutes:113,Spanish
The Privilege,2022,Horror,minutes:107,German
Into the Wind,2022,Romantic drama,minutes:108,Polish
Bigbug,2022,Science fiction comedy,minutes:111,French
Love and Leashes,2022,Romantic comedy,minutes:118,Korean
Love Tactics,2022,Romantic comedy,minutes:98,Turkish
Tall Girl 2,2022,Teen romantic comedy,minutes:101,English
Fistful of Vengeance,2022,Supernatural martial arts drama,minutes:96,English
Texas Chainsaw Massacre,2022,Slasher,minutes:83,English
Rabbids Invasion: Mission to Mars,2022,Animation  Comedy,minutes:70,English
UFO,2022,Drama,minutes:110,Turkish
A Madea Homecoming,2022,Comedy,minutes:107,English
Restless,2022,Action thriller,minutes:96,French
Against the Ice,2022,Survival,minutes:103,English
The Weekend Away,2022,Thriller,minutes:91,English
The Invisible Thread,2022,Comedy drama,minutes:90,Italian
The Adam Project,2022,Science fiction,minutes:106,English
Rescued by Ruby,2022,Drama,minutes:93,English
Black Crab,2022,Thriller,minutes:114,Swedish
Without Saying Goodbye,2022,Romantic comedy,minutes:96,Spanish
Windfall,2022,Thriller,minutes:92,English
In Good Hands,2022,Romantic comedy,minutes:104,Turkish
Love Like the Falling Petals,2022,Drama,minutes:129,Japanese
All Hail,2022,Drama,minutes:118,Spanish
Apollo 10 1⁄2: A Space Age Childhood,2022,Animation,minutes:98,English
Battle: Freestyle,2022,Romantic drama,minutes:88,Norwegian
The Bubble,2022,Comedy,minutes:126,English
Cobalt Blue,2022,Romantic drama,minutes:112,Hindi
Dancing on Glass,2022,Drama,minutes:139,Spanish
Metal Lords,2022,Musical comedy drama,minutes:98,English
Yaksha: Ruthless Operations,2022,Spy,minutes:125,Korean
The Taming of the Shrewd,2022,Comedy,minutes:112,Polish
Choose or Die,2022,Horror,minutes:85,English
Man of God,2022,Drama,minutes:111,English
The Turning Point,2022,Drama,minutes:90,Italian
365 Days: This Day,2022,Erotic thriller,minutes:111,English
Silverton Siege,2022,Action thriller,minutes:101,English
Bubble,2022,Anime,minutes:101,Japanese
Honeymoon with My Mother,2022,Comedy,minutes:110,Spanish
Rumspringa – An Amish in Berlin,2022,Comedy,minutes:102,German
Along for the Ride,2022,Drama,minutes:107,English
The Takedown,2022,Action comedy,minutes:121,French
Thar,2022,Western thriller,minutes:108,Hindi
Senior Year,2022,Comedy,minutes:113,English
Toscana,2022,Drama,minutes:90,Danish
A Perfect Pairing,2022,Romantic comedy,minutes:102,English
F*ck Love Too,2022,Romantic comedy,minutes:92,Dutch
Godspeed,2022,Drama,minutes:119,Turkish
Interceptor,2022,Action drama,minutes:98,English
Hustle,2022,Sports,minutes:118,English
Trees of Peace,2022,Drama,minutes:98,English
Centauro,2022,Action thriller,minutes:90,Spanish
Heart Parade,2022,Romantic comedy,minutes:108,Polish
The Wrath of God,2022,Thriller,minutes:98,Spanish
Spiderhead,2022,Science fiction action thriller,minutes:107,English
Doom of Love,2022,Drama,minutes:100,Turkish
Love & Gelato,2022,Romance,minutes:112,English
Blasted,2022,Science fiction  comedy,minutes:115,Norwegian
Beauty,2022,Drama,minutes:95,English
"Hello, Goodbye, and Everything in Between",2022,Romantic comedy,minutes:84,English
Dangerous Liaisons,2022,Romantic drama,minutes:109,French
Jewel,2022,Drama,minutes:80,English
The Sea Beast,2022,Animated adventure,minutes:119,English
For Jojo,2022,Drama,minutes:90,German
Under the Amalfi Sun,2022,Comedy drama,minutes:90,Italian
Jaadugar,2022,Comedy,minutes:167,Hindi
Persuasion,2022,Drama,minutes:109,English
The Gray Man,2022,Spy thriller,minutes:129,English
Recurrence,2022,Thriller,minutes:116,Spanish
A Cut Above,2022,Comedy,minutes:91,Portuguese
The Entitled,2022,Romantic comedy,minutes:90,Filipino
Purple Hearts,2022,Romance,minutes:122,English
Buba,2022,Comedy,minutes:94,German
Don't Blame Karma!,2022,Romantic comedy,minutes:85,Spanish
Wedding Season,2022,Comedy,minutes:97,English
Carter,2022,Action,minutes:134,Korean
Darlings,2022,Comedy drama,minutes:134,Hindi
Rise of the Teenage Mutant Ninja Turtles: The Movie,2022,Animated action adventure,minutes:82,English
Heartsong,2022,Romantic comedy,minutes:95,Turkish
13: The Musical,2022,Musical,minutes:94,English
Day Shift,2022,Fantasy comedy,minutes:113,English
Look Both Ways,2022,Romantic comedy,minutes:111,English
Royalteen,2022,Coming of age,minutes:108,Norwegian
The Next 365 Days,2022,Erotic thriller,minutes:113,English
That's Amor,2022,Romantic comedy,minutes:96,English
Loving Adults,2022,Thriller,minutes:105,Danish
Me Time,2022,Comedy,minutes:104,English
Seoul Vibe,2022,Action,minutes:140,Korean
I Came By,2022,Thriller,minutes:110,English
Fenced in,2022,Comedy,minutes:110,Portuguese
Love in the Villa,2022,Romantic comedy,minutes:115,English
The Festival of Troubadours,2022,Drama,minutes:102,Turkish
End of the Road,2022,Crime thriller,minutes:91,English
No Limit,2022,Thriller,minutes:118,French
Broad Peak,2022,Thriller,minutes:102,Polish
Do Revenge,2022,Black comedy,minutes:118,English
Drifting Home,2022,Anime,minutes:120,Japanese
I Used to Be Famous,2022,Musical drama,minutes:104,English
Jogi,2022,Drama,minutes:116,Hindi
The Perfumier,2022,Crime drama,minutes:96,German
A Jazzman's Blues,2022,Drama,minutes:128,English
Lou,2022,Thriller,minutes:107,English
Athena,2022,Drama,minutes:97,French
Blonde,2022,Biographical drama,minutes:167,English
Aníkúlápó,2022,Fantasy drama,minutes:142,Yoruba
Plan A Plan B,2022,Romantic comedy,minutes:106,Hindi
Rainbow,2022,Fantasy drama,minutes:118,Spanish
Jumping from High Places,2022,Drama,minutes:88,Italian
Mr. Harrigan's Phone,2022,Horror,minutes:106,English
Togo,2022,Thriller,minutes:95,Spanish
Doll House,2022,Drama,minutes:106,Filipino
Luckiest Girl Alive,2022,Mystery,minutes:115,English
Old People,2022,Horror,minutes:101,German
Someone Borrowed,2022,Romantic comedy,minutes:107,Portuguese
The Curse of Bridge Hollow,2022,Comedy,minutes:91,English
The School for Good and Evil,2022,Children's fantasy,minutes:148,English
The Stranger,2022,Thriller,minutes:117,English
20th Century Girl,2022,Romantic,minutes:121,Korean
Hellhole,2022,Horror,minutes:90,Polish
Robbing Mussolini,2022,Action comedy,minutes:90,Italian
The Good Nurse,2022,Drama,minutes:123,English
Beyond the Universe,2022,Romantic drama,minutes:127,Portuguese
All Quiet on the Western Front,2022,War drama,minutes:148,German
Cici,2022,Drama,minutes:151,Turkish
Wendell & Wild,2022,Stop motion fantasy horror comedy,minutes:106,English
Wild Is the Wind,2022,Crime drama,minutes:123,English
The Takeover,2022,Action  thriller,minutes:88,Dutch
The Soccer Football Movie,2022,Animation,minutes:73,English
Falling for Christmas,2022,Romantic comedy,minutes:95,English
Lost Bullet 2: Back for More,2022,Action,minutes:100,French
Don't Leave,2022,Drama,minutes:107,Turkish
"Monica, O My Darling",2022,Neo noir comedy thriller,minutes:130,Hindi
My Father's Dragon,2022,Animated fantasy adventure,minutes:103,English
The Lost Lotteries,2022,Comedy,minutes:106,Thai
The Wonder,2022,Psychological drama,minutes:109,English
Christmas with You,2022,Romantic comedy,minutes:90,English
Slumberland,2022,Fantasy adventure,minutes:120,English
Christmas on Mistletoe Farm,2022,Comedy,minutes:103,English
Lesson Plan,2022,Crime drama,minutes:99,Polish
The Swimmers,2022,Drama,minutes:135,English
Who's a Good Boy?,2022,Comedy,minutes:95,Spanish
The Noel Diary,2022,Drama,minutes:100,English
A Man of Action,2022,Biopic,minutes:111,Spanish
Christmas Full of Grace,2022,Romantic comedy,minutes:105,Portuguese
My Name Is Vendetta,2022,Thriller,minutes:90,Italian
Qala,2022,Drama,minutes:119,Hindi
Troll,2022,Monster,minutes:103,Norwegian
Lady Chatterley's Lover,2022,Romantic drama,minutes:127,English
Scrooge: A Christmas Carol,2022,Animation,minutes:101,English
Delivery by Christmas,2022,Romantic comedy,minutes:100,Polish
Burning Patience,2022,Drama,minutes:90,Spanish
The Marriage App,2022,Drama,minutes:101,Spanish
The Claus Family 3,2022,Fantasy,minutes:73,Dutch
Guillermo del Toro's Pinocchio,2022,Stop motion fantasy musical drama,minutes:116,English
I Believe in Santa,2022,Romantic comedy,minutes:90,English
The Big 4,2022,Action comedy,minutes:141,Indonesian
"Bardo, False Chronicle of a Handful of Truths",2022,Comedy,minutes:159,Spanish
Private Lesson,2022,Romantic comedy,minutes:89,Turkish
A Not So Merry Christmas,2022,Comedy,minutes:100,Spanish
Glass Onion: A Knives Out Mystery,2022,Murder mystery,minutes:139,English
A Night at the Kindergarten,2022,Black comedy,minutes:97,Polish
White Noise,2022,Black comedy,minutes:136,English
Three Songs for Benazir,2022,Documentary,minutes:22,Pashto
The Tinder Swindler,2022,Documentary,minutes:114,English
Downfall: The Case Against Boeing,2022,Documentary,minutes:89,English
11M: Terror in Madrid,2022,Documentary,minutes:92,Spanish
Surviving Paradise: A Family Tale,2022,Documentary,minutes:79,English
Broken Idol: The Undoing of Diomedes Díaz,2022,Documentary,minutes:102,Spanish
Trust No One: The Hunt for the Crypto King,2022,Documentary,minutes:90,English
Return to Space,2022,Documentary,minutes:128,English
White Hot: The Rise & Fall of Abercrombie & Fitch,2022,Documentary,minutes:88,English
The Mystery of Marilyn Monroe: The Unheard Tapes,2022,Documentary,minutes:101,English
Hold Your Breath: The Ice Dive,2022,Documentary,minutes:40,English
Our Father,2022,Documentary,minutes:97,English
Cyber Hell: Exposing an Internet Horror,2022,Documentary,minutes:105,Korean
The Photographer: Murder in Pinamar,2022,Documentary,minutes:106,Spanish
Gladbeck: The Hostage Crisis,2022,Documentary,minutes:91,German
Jennifer Lopez: Halftime,2022,Documentary,minutes:96,English
"Sing, Dance, Act: Kabuki featuring Toma Ikuta",2022,Documentary,minutes:87,Japanese
The Martha Mitchell Effect,2022,Documentary,minutes:40,English
Civil: Ben Crump,2022,Documentary,minutes:101,English
Girl in the Picture,2022,Documentary,minutes:102,English
My Daughter's Killer,2022,Documentary,minutes:84,French
Never Stop Dreaming: The Life and Legacy of Shimon Peres,2022,Documentary,minutes:129,English
Bank Robbers: The Last Great Heist,2022,Documentary,minutes:110,Spanish
Stay on Board: The Leo Baker Story,2022,Documentary,minutes:73,English
Inside the Mind of a Cat,2022,Documentary,minutes:67,English
Untold: The Rise and Fall of AND1,2022,Documentary,minutes:69,English
Running with the Devil: The Wild World of John McAfee,2022,Documentary,minutes:105,English
The Figo Affair: The Transfer that Changed Football,2022,Documentary,minutes:104,Spanish
Untold: Operation Flagrant Foul,2022,Documentary,minutes:77,English
Get Smart With Money,2022,Documentary,minutes:93,English
Untold: The Race of the Century,2022,Documentary,minutes:83,English
The Anthrax Attacks,2022,Documentary,minutes:95,English
Skandal! Bringing Down Wirecard,2022,Documentary,minutes:93,English
The Dreamlife of Georgie Stone,2022,Documentary,minutes:29,English
A Trip to Infinity,2022,Documentary,minutes:79,English
Into the Deep: The Submarine Murder Case,2022,Documentary,minutes:87,English
The Trapped 13: How We Survived The Thai Cave,2022,Documentary,minutes:103,Thai
The Joys and Sorrows of Young Yuguo,2022,Documentary,minutes:28,English
The Redeem Team,2022,Documentary,minutes:98,English
LiSA: Another Great Day,2022,Documentary,minutes:97,Japanese
Descendant,2022,Documentary,minutes:109,English
Fugitive: The Curious Case of Carlos Ghosn,2022,Documentary,minutes:95,English
Orgasm Inc: The Story of OneTaste,2022,Documentary,minutes:89,English
State of Alabama vs. Brittany Smith,2022,Documentary,minutes:40,English
Capturing the Killer Nurse,2022,Documentary,minutes:95,English
Is That Black Enough for You?!?,2022,Documentary,minutes:135,English
Stutz,2022,Documentary,minutes:96,English
In Her Hands,2022,Documentary,minutes:93,English
Racionais MC's: From the Streets of São Paulo,2022,Documentary,minutes:116,Portuguese
I Am Vanessa Guillen,2022,Documentary,minutes:96,English
Ghislaine Maxwell: Filthy Rich,2022,Documentary,minutes:101,English
The Last Dolphin King,2022,Documentary,minutes:94,Spanish
Take Your Pills: Xanax,2022,Documentary,minutes:90,English
The Masked Scammer,2022,Documentary,minutes:90,English
"""Sr.""",2022,Documentary,minutes:90,English
In Broad Daylight: The Narvarte Case,2022,Documentary,minutes:108,Spanish
The Elephant Whisperers,2022,Documentary,minutes:41,Tamil
Kangaroo Valley,2022,Documentary,minutes:76,English
The Volcano: Rescue from Whakaari,2022,Documentary,minutes:98,English
The House,2022,Stop motion  dark comedy,minutes:97,English
Adam by Eve: A Live in Animation,2022,Animation  concert film,minutes:58,Japanese
Celeb Five: Behind the Curtain,2022,Docu comedy,minutes:55,Korean
Oprah + Viola: A Netflix Special Event,2022,Interview,minutes:48,English
Dirty Daddy: The Bob Saget Tribute,2022,Interview,minutes:83,English
Dave Chappelle: What's In a Name?,2022,Speech,minutes:39,English
Ivy + Bean,2022,Family,minutes:57,English
Ivy + Bean: Doomed to Dance,2022,Family,minutes:56,English
Ivy + Bean: The Ghost That Had to Go,2022,Family,minutes:61,English
Entergalactic,2022,Musical drama,minutes:92,English
Barbie Epic Road Trip,2022,Animation  interactive fiction,minutes:36,English
Making ATHENA,2022,Making of,minutes:37,French
Guillermo del Toro's Pinocchio: Handcarved Cinema,2022,Making of,minutes:30,English
The Seven Deadly Sins: Grudge of Edinburgh Part 1,2022,Anime,minutes:52,Japanese
Stuck with You,2022,Romantic comedy,minutes:59,French
Behind the Scenes with Jane Campion,2022,Making of,minutes:17,English
Erax,2022,Fantasy,minutes:15,English
Forgive Us Our Trespasses,2022,Drama,minutes:14,English
Heart Shot,2022,Thriller,minutes:19,English
Cat Burglar,2022,Animation  interactive fiction,minutes:12,English
Nightmare of the Wolf Bestiary,2022,Clipshow,minutes:11,English
Triviaverse,2022,Interactive fiction  quiz show,minutes:6,English
The Pale Blue Eye,2023,Historical thriller drama,minutes:130,English
Noise,2023,Drama,minutes:105,Spanish
Dog Gone,2023,Family drama,minutes:95,English
Disconnect: The Wedding Planner,2023,Romantic comedy,minutes:107,English
Alkhallat+,2023,Satirical thriller,minutes:117,Arabic
Jung E,2023,Sci fi action  adventure,minutes:99,Korean
Mission Majnu,2023,Spy thriller,minutes:129,Hindi
The Price of Family,2023,Comedy,minutes:90,Italian
You People,2023,Comedy,minutes:118,English
True Spirit,2023,Biopic,minutes:109,English
Infiesto,2023,Thriller,minutes:96,Spanish
Dear David,2023,Coming of age romantic drama,minutes:118,Indonesian
Your Place or Mine,2023,Romantic comedy,minutes:111,English
Squared Love All Over Again,2023,Romantic comedy,minutes:100,Polish
All the Places,2023,Comedy drama,minutes:97,Spanish
Unlocked,2023,Thriller,minutes:117,Korean
The Strays,2023,Drama,minutes:97,English
Call Me Chihiro,2023,Drama,minutes:131,Japanese
We Have a Ghost,2023,Family adventure,minutes:127,English
Tonight You're Sleeping with Me,2023,Romantic drama,minutes:93,Polish
10 Days of a Good Man,2023,Drama,minutes:124,Turkish
Love at First Kiss,2023,Romantic comedy,minutes:96,Spanish
Faraway,2023,Romantic comedy,minutes:109,English
Have a Nice Day!,2023,Comedy,minutes:93,Spanish
Luther: The Fallen Sun,2023,Crime drama,minutes:130,English
In His Shadow,2023,Drama,minutes:89,French
Noise,2023,Thriller,minutes:90,Dutch
The Magician's Elephant,2023,Animation,minutes:103,English
Chor Nikal Ke Bhaga,2023,Heist thriller,minutes:110,Hindi
Kill Boksoon,2023,Crime thriller,minutes:139,Korean
Murder Mystery 2,2023,Mystery comedy,minutes:90,English
Chupa,2023,Fantasy adventure,minutes:98,English
Kings of Mulberry Street: Let Love Reign,2023,Comedy,minutes:109,English
Oh Belinda,2023,Drama,minutes:97,Turkish
Hunger,2023,Thriller drama,minutes:130,Thai
Queens on the Run,2023,Comedy,minutes:97,Spanish
Phenomena,2023,Comedy,minutes:94,Spanish
A Tourist's Guide to Love,2023,Romantic comedy,minutes:96,English
Chokehold,2023,Thriller,minutes:112,Turkish
One More Time,2023,Comedy,minutes:85,Swedish
"Kiss, Kiss!",2023,Romantic comedy,minutes:107,Polish
The Matchmaker,2023,Psychological thriller,minutes:81,Arabic
AKA,2023,Action thriller,minutes:124,French
Royalteen: Princess Margrethe,2023,Coming of age,minutes:98,Norwegian
The Mother,2023,Action drama,minutes:117,English
Fanfic,2023,Drama,minutes:95,Polish
Kathal – A Jackfruit Mystery,2023,Dark crime dramedy,minutes:115,Hindi
Hard Feelings,2023,Comedy,minutes:103,German
Mother's Day,2023,Action,minutes:94,Polish
Blood and Gold,2023,War,minutes:100,German
Where the Tracks End,2023,Family film,minutes:95,Spanish
A Beautiful Life,2023,Drama,minutes:99,Danish
Missed Connections,2023,Romantic comedy,minutes:107,Filipino
Rich in Love 2,2023,Romantic comedy,minutes:89,Portuguese
The Wonder Weeks,2023,Comedy drama,minutes:110,Dutch
You Do You,2023,Romantic comedy,minutes:99,Turkish
Black Clover: Sword of the Wizard King,2023,Anime,minutes:113,Japanese
Extraction 2,2023,Action thriller,minutes:123,English
iNumber Number: Jozi Gold,2023,Thriller,minutes:113,English
Make Me Believe,2023,Romantic comedy,minutes:104,Turkish
The Perfect Find,2023,Romantic comedy,minutes:99,English
Through My Window 2: Across the Sea,2023,Romance,minutes:111,Spanish
Lust Stories 2,2023,Anthology film,minutes:132,Hindi
Nimona,2023,Animated science fiction,minutes:102,English
Gold Brick,2023,Comedy,minutes:95,French
Seasons,2023,Romance,minutes:109,Filipino
The Out-Laws,2023,Action comedy,minutes:95,English
Mr. Car and the Knights Templar,2023,Drama,minutes:110,Polish
Bird Box Barcelona,2023,Post apocalyptic horror thriller,minutes:111,Spanish
Love Tactics 2,2023,Romantic comedy,minutes:98,Turkish
The (Almost) Legends,2023,Comedy,minutes:96,Spanish
They Cloned Tyrone,2023,Sci fi comedy mystery,minutes:119,English
Happiness for Beginners,2023,Romantic comedy,minutes:103,English
Paradise,2023,Sci fi action thriller,minutes:118,German
The Murderer,2023,Black comedy,minutes:120,Thai
Today We'll Talk About That Day,2023,Melodrama,minutes:118,Indonesian
Big Nunu's Little Heist,2023,Comedy,minutes:92,Zulu
Soulcatcher,2023,Thriller,minutes:98,Polish
Head to Head,2023,Thriller comedy,minutes:94,Arabic
Zom 100: Bucket List of the Dead,2023,Zombie apocalypse  comedy,minutes:129,Japanese
Heart of Stone,2023,Spy thriller,minutes:125,English
10 Days of a Bad Man,2023,Drama,minutes:124,Turkish
"Love, Sex & 30 Candles",2023,Drama,minutes:106,English
The Monkey King,2023,Animated action comedy,minutes:96,English
Squared Love Everlasting,2023,Romantic comedy,minutes:102,Polish
Killer Book Club,2023,Slasher,minutes:89,Spanish
You Are So Not Invited to My Bat Mitzvah,2023,Coming of age,minutes:103,English
The Great Seduction,2023,Comedy,minutes:95,Spanish
A Day and a Half,2023,Thriller,minutes:95,Swedish
Friday Night Plan,2023,Coming of age,minutes:108,Hindi
Happy Ending,2023,Comedy,minutes:93,Dutch
What If?,2023,Romantic drama,minutes:112,Filipino
Freestyle,2023,Thriller,minutes:88,Polish
Ehrengard: The Art of Seduction,2023,Romantic comedy,minutes:94,Danish
Once Upon a Crime,2023,Fantasy,minutes:107,Japanese
El Conde,2023,Black comedy,minutes:111,Spanish
Love at First Sight,2023,Romance,minutes:91,English
Jaane Jaan,2023,Thriller,minutes:139,Hindi
Spy Kids: Armageddon,2023,Action adventure,minutes:97,English
The Black Book,2023,Thriller,minutes:124,English
Forgotten Love,2023,Drama,minutes:140,Polish
Overhaul,2023,Action drama,minutes:98,Portuguese
Street Flow 2,2023,Drama,minutes:98,French
Love Is in the Air,2023,Romantic comedy,minutes:88,English
Do Not Disturb,2023,Dramedy,minutes:114,Turkish
Nowhere,2023,Thriller,minutes:109,Spanish
Reptile,2023,Crime drama,minutes:136,English
Keys to the Heart,2023,Drama,minutes:102,Filipino
Khufiya,2023,Spy thriller,minutes:157,Hindi
Fair Play,2023,Erotic thriller,minutes:115,English
A Deadly Invitation,2023,Drama,minutes:93,Spanish
Ballerina,2023,Thriller,minutes:93,Korean
Once Upon a Star,2023,Drama,minutes:138,Thai
Ìjọ̀gbọ̀n,2023,Drama,minutes:115,Yoruba
The Conference,2023,Slasher comedy,minutes:100,Swedish
Crypto Boy,2023,Drama,minutes:103,Dutch
Kandasamys: The Baby,2023,Comedy,minutes:93,English
Old Dads,2023,Comedy,minutes:104,English
Burning Betrayal,2023,Thriller,minutes:98,Portuguese
Pain Hustlers,2023,Crime drama,minutes:124,English
Sister Death,2023,Horror,minutes:90,Spanish
Hurricane Season,2023,Drama,minutes:99,Spanish
Locked In,2023,Psychological thriller,minutes:96,English
Nuovo Olimpo,2023,Romance,minutes:112,Italian
Wingwomen,2023,Action dramedy,minutes:115,French
Nyad,2023,Biopic,minutes:121,English
The Killer,2023,Neo noir action thriller,minutes:119,English
Best. Christmas. Ever!,2023,Romantic comedy,minutes:81,English
In Love and Deep Water,2023,Romantic mystery comedy,minutes:127,Japanese
Believer 2,2023,Crime action,minutes:116,Korean
Rustin,2023,Biographical drama,minutes:108,English
All-Time High,2023,Comedy,minutes:103,French
The Queenstown Kings,2023,Drama,minutes:137,Xhosa
Leo,2023,Animated musical,minutes:106,English
I Don't Expect Anyone to Believe Me,2023,Comedy thriller,minutes:117,Spanish
Doi Boy,2023,Drama,minutes:99,Thai
Elena Knows,2023,Drama,minutes:100,Spanish
Last Call for Istanbul,2023,Drama,minutes:91,Turkish
Wedding Games,2023,Comedy,minutes:79,Portuguese
Family Switch,2023,Comedy,minutes:105,English
Christmas As Usual,2023,Romantic comedy,minutes:89,Norwegian
NAGA,2023,Thriller,minutes:113,Arabic
The Archies,2023,Musical,minutes:143,Hindi
Blood Vessel,2023,Thriller,minutes:119,Ijaw
Leave the World Behind,2023,Drama,minutes:141,English
Chicken Run: Dawn of the Nugget,2023,Stop motion comedy,minutes:101,English
Familia,2023,Drama,minutes:105,Spanish
Maestro,2023,Biographical drama,minutes:131,English
The Taming of the Shrewd 2,2023,Comedy,minutes:100,Polish
Rebel Moon – Part One: A Child of Fire,2023,Space opera,minutes:135,English
A Vampire in the Family,2023,Comedy,minutes:89,Portuguese
Kho Gaye Hum Kahan,2023,Comedy drama,minutes:134,Hindi
"Thank You, I'm Sorry",2023,Comedy drama,minutes:91,Swedish
Mumbai Mafia: Police vs The Underworld,2023,Documentary,minutes:87,English
The Hatchet Wielding Hitchhiker,2023,Documentary,minutes:85,English
Big Mäck: Gangsters and Gold,2023,Documentary,minutes:90,German
"Pamela, a Love Story",2023,Documentary,minutes:112,English
Money Shot: The Pornhub Story,2023,Documentary,minutes:94,English
Caught Out: Crime. Corruption. Cricket.,2023,Documentary,minutes:77,English
Lewis Capaldi: How I'm Feeling Now,2023,Documentary,minutes:96,English
Longest Third Date,2023,Documentary,minutes:75,English
Anna Nicole Smith: You Don't Know Me,2023,Documentary,minutes:116,English
Victim/Suspect,2023,Documentary,minutes:95,English
Take Care of Maya,2023,Documentary,minutes:103,English
King of Clones,2023,Documentary,minutes:85,English
Eldorado: Everything the Nazis Hate,2023,Documentary,minutes:92,English
Unknown: The Lost Pyramid,2023,Documentary,minutes:84,English
Wham!,2023,Documentary,minutes:92,English
Unknown: Killer Robots,2023,Documentary,minutes:68,English
Unknown: Cave of Bones,2023,Documentary,minutes:94,English
The Deepest Breath,2023,Documentary,minutes:110,English
Unknown: Cosmic Time Machine,2023,Documentary,minutes:64,English
Missing: The Lucie Blackman Case[a],2023,Documentary,minutes:82,English
Tokyo Crime Squad: The Lucie Blackman Case[b],2023,Documentary,minutes:101,Japanese
The Lady of Silence: The Mataviejitas Murders,2023,Documentary,minutes:111,Spanish
Untold: Jake Paul the Problem Child,2023,Documentary,minutes:72,English
Mark Cavendish: Never Enough,2023,Documentary,minutes:92,English
Poisoned: The Dirty Truth About Your Food,2023,Documentary,minutes:82,English
Untold: Johnny Football,2023,Documentary,minutes:72,English
Untold: Hall of Shame,2023,Documentary,minutes:78,English
A Life Too Short: The Isabella Nardoni Case,2023,Documentary,minutes:104,Portuguese
Scouts Honor: The Secret Files of the Boy Scouts of America,2023,Documentary,minutes:94,English
Rosa Peral's Tapes,2023,Documentary,minutes:80,Spanish
The Saint of Second Chances,2023,Documentary,minutes:94,English
"Ice Cold: Murder, Coffee and Jessica Wongso",2023,Documentary,minutes:86,Indonesian
The Darkness within La Luz del Mundo,2023,Documentary,minutes:114,Spanish
Race to the Summit,2023,Documentary,minutes:90,German
Camp Courage,2023,Documentary,minutes:33,Ukrainian
The Devil on Trial,2023,Documentary,minutes:81,English
Vjeran Tomic: The Spider-Man of Paris,2023,Documentary,minutes:86,French
Onefour: Against All Odds,2023,Documentary,minutes:82,English
Yellow Door: '90s Lo-fi Film Club,2023,Documentary,minutes:84,Korean
Higuita: The Way of the Scorpion,2023,Documentary,minutes:90,Spanish
Sly,2023,Documentary,minutes:96,English
Cyberbunker: The Criminal Underworld,2023,Documentary,minutes:101,English
Stamped from the Beginning,2023,Documentary,minutes:92,English
Ilary Blasi: The One and Only,2023,Documentary,minutes:80,Italian
American Symphony,2023,Documentary,minutes:103,English
Kevin Hart & Chris Rock: Headliners Only,2023,Documentary,minutes:82,English
Face to Face with ETA: Conversations with a Terrorist,2023,Documentary,minutes:102,Spanish
Curry & Cyanide: The Jolly Joseph Case,2023,Documentary,minutes:95,Malayalam
Hell Camp: Teen Nightmare,2023,Documentary,minutes:90,English
A Whole Lifetime with Jamie Demetriou,2023,Comedy,minutes:52,English
We Lost Our Human,2023,Animation  interactive fiction,minutes:103,English
Mighty Morphin Power Rangers: Once & Always,2023,Superhero science fiction,minutes:55,English
The Light We Carry: Michelle Obama & Oprah Winfrey,2023,Interview,minutes:90,English
Tudum 2023: A Global Fan Event,2023,Fan event,minutes:166,English
The Seven Deadly Sins: Grudge of Edinburgh Part 2,2023,Anime,minutes:54,Japanese
Choose Love,2023,Romantic comedy  interactive fiction,minutes:77,English
Lifting the Veil: Behind the Scenes of Ehrengard,2023,Behind the scenes,minutes:40,Danish
The Wonderful Story of Henry Sugar,2023,Adventure comedy,minutes:39,English
The Netflix Cup,2023,Sports event,minutes:155,English
The Bad Guys: A Very Bad Holiday,2023,Animated heist comedy,minutes:25,English
Making All Quiet on the Western Front,2023,Making of,minutes:18,German
Weathering,2023,Thriller,minutes:20,English
The Swan,2023,Comedy,minutes:17,English
The Rat Catcher,2023,Comedy,minutes:17,English
Poison,2023,Comedy,minutes:17,English
Flashback,2023,Horror,minutes:16,English
Disco Inferno,2023,Horror,minutes:18,English
The After,2023,Drama,minutes:18,English
Temple of Film: 100 Years of the Egyptian Theatre,2023,Documentary,minutes:11,English
The Dads,2023,Documentary,minutes:11,English
Making of Chicken Run: Dawn of the Nugget,2023,Making of,minutes:19,English
Society of the Snow,2024,Disaster drama,minutes:145,Spanish
Good Grief,2024,Romantic comedy,minutes:100,English
Lift,2024,Action comedy thriller,minutes:106,English
From the Ashes,2024,Drama,minutes:92,Arabic
Sixty Minutes,2024,Action,minutes:89,German
The Kitchen,2024,Science fiction drama,minutes:107,English
Badland Hunters,2024,Dystopian action,minutes:107,Korean
Orion and the Dark,2024,Animation,minutes:92,English
Ashes,2024,Drama,minutes:100,Turkish
Bhakshak,2024,Crime drama,minutes:134,Hindi
Kill Me If You Dare,2024,Comedy,minutes:94,Polish
Players,2024,Romantic comedy,minutes:105,English
Soweto Love Story,2024,Romantic comedy,minutes:102,English
The Heartbreak Agency,2024,Romantic comedy,minutes:96,German
Mea Culpa,2024,Legal drama,minutes:120,English
Through My Window 3: Looking at You,2024,Romance,minutes:105,Spanish
Code 8: Part II,2024,Science fiction,minutes:100,English
The Parades,2024,Drama,minutes:132,Japanese
My Name Is Loh Kiwan,2024,Drama,minutes:133,Korean
Spaceman,2024,Science fiction drama,minutes:107,English
Damsel,2024,Fantasy action,minutes:110,English
24 Hours with Gaspar,2024,Crime drama,minutes:98,Indonesian
Art of Love,2024,Romance,minutes:99,Turkish
Irish Wish,2024,Romantic comedy,minutes:93,English
Murder Mubarak,2024,Dramedy,minutes:141,Hindi
The Wonderful Story of Henry Sugar and Three More,2024,Fantasy anthology,minutes:88,English
Shirley,2024,Biographical drama,minutes:118,English
The Casagrandes Movie,2024,Animated comedy,minutes:85,English
Rest in Peace,2024,Drama,minutes:107,Spanish
No Pressure,2024,Romantic comedy,minutes:112,Polish
Heart of the Hunter,2024,Spy thriller,minutes:107,English
The Beautiful Game,2024,Drama,minutes:125,English
The Wages of Fear,2024,Thriller,minutes:106,French
The Tearsmith,2024,Coming of age romantic drama,minutes:105,Italian
Scoop,2024,Biographical drama,minutes:102,English
A Journey,2024,Drama,minutes:115,Filipino
Amar Singh Chamkila,2024,Romantic musical,minutes:145,Hindi
"Love, Divided",2024,Romantic comedy,minutes:98,Spanish
Stolen,2024,Drama,minutes:107,Northern Sami
Woody Woodpecker Goes to Camp,2024,Slapstick comedy,minutes:100,English
Rebel Moon – Part Two: The Scargiver,2024,Space opera,minutes:123,English
City Hunter,2024,Action comedy,minutes:104,Japanese
Honeymoonish,2024,Romantic comedy,minutes:100,Arabic
Down the Rabbit Hole,2024,Deadpan comedy,minutes:102,Spanish
Beautiful Rebel,2024,Biographical drama,minutes:113,Italian
Unfrosted,2024,Comedy,minutes:96,English
Mother of the Bride,2024,Romantic comedy,minutes:90,English
Monster,2024,Thriller,minutes:84,No dialogue
Thelma the Unicorn,2024,Animated musical,minutes:98,English
In Good Hands 2,2024,Romantic comedy,minutes:99,Turkish
Atlas,2024,Science fiction thriller,minutes:120,English
My Oni Girl,2024,Anime fantasy,minutes:112,Japanese
Bionic,2024,Science fiction,minutes:110,Portuguese
Colors of Evil: Red,2024,Crime thriller,minutes:112,Polish
A Part of You,2024,Coming of age drama,minutes:100,Swedish
The Price of Nonna's Inheritance,2024,Comedy,minutes:90,Italian
Under Paris,2024,Thriller,minutes:103,French
Basma,2024,Drama,minutes:105,Arabic
Ultraman: Rising,2024,Animation,minutes:121,English
Inheritance,2024,Comedy,minutes:94,Polish
Maharaj,2024,Period drama,minutes:131,Hindi
Trigger Warning,2024,Action thriller,minutes:106,English
Drawing Closer,2024,Romance,minutes:118,Japanese
A Family Affair,2024,Romantic comedy,minutes:113,English
Beverly Hills Cop: Axel F,2024,Buddy cop,minutes:117,English
Goyo,2024,Romantic drama,minutes:107,Spanish
Wild Wild Punjab,2024,Comedy,minutes:110,Hindi
Vanished into the Night,2024,Thriller,minutes:92,Italian
Blame the Game,2024,Comedy,minutes:92,German
Lobola Man,2024,Comedy,minutes:108,Zulu
The Champion,2024,Comedy,minutes:106,Spanish
Find Me Falling,2024,Romantic comedy,minutes:93,English
House of Ga'a,2024,Drama,minutes:120,Yoruba
Non Negotiable,2024,Action comedy,minutes:86,Spanish
Borderless Fog,2024,Crime thriller,minutes:111,Indonesian
Saving Bikini Bottom: The Sandy Cheeks Movie,2024,Animated comedy,minutes:86,English
Lolo and the Kid,2024,Drama,minutes:97,Filipino
Mission: Cross,2024,Crime comedy spy,minutes:100,Korean
Phir Aayi Hasseen Dillruba,2024,Crime thriller,minutes:132,Hindi
The Union,2024,Spy,minutes:109,English
Nice Girls,2024,Action comedy,minutes:92,French
Incoming,2024,Comedy,minutes:91,English
Tòkunbọ̀,2024,Crime thriller,minutes:112,English
Untamed Royals,2024,Drama,minutes:99,Spanish
The Deliverance,2024,Thriller,minutes:112,English
(Un)lucky Sisters,2024,Comedy,minutes:83,Spanish
Rebel Ridge,2024,Thriller,minutes:131,English
Boxer,2024,Sports drama,minutes:152,Polish
Technoboys,2024,Musical drama,minutes:110,Spanish
Officer Black Belt,2024,Action comedy,minutes:109,Korean
Sector 36,2024,Crime thriller,minutes:123,Hindi
Uglies,2024,Fantasy,minutes:102,English
His Three Daughters,2024,Drama,minutes:104,English
Divorce,2024,Drama,minutes:92,Polish
A True Gentleman,2024,Drama,minutes:110,Turkish
Rez Ball,2024,Sports drama,minutes:113,English
Trouble,2024,Action comedy,minutes:98,Swedish
CTRL,2024,Thriller,minutes:99,Hindi
It's What's Inside,2024,Horror thriller,minutes:104,English
The Platform 2,2024,Science fiction,minutes:100,Spanish
In Her Place,2024,Drama,minutes:95,Spanish
Lonely Planet,2024,Romantic drama,minutes:96,English
Uprising,2024,Historical thriller,minutes:128,Korean
Justice,2024,Crime drama,minutes:115,Polish
Outside,2024,Post apocalyptic psychological thriller,minutes:142,Filipino
The Shadow Strays,2024,Action,minutes:145,Indonesian
Happiness Is,2024,Comedy drama,minutes:96,English
The Man Who Loved UFOs,2024,Comedy drama,minutes:107,Spanish
Family Pack,2024,Comedy,minutes:95,French
Do Patti,2024,Mystery thriller,minutes:127,Hindi
Don't Move,2024,Thriller horror,minutes:92,English
Time Cut,2024,Science fiction slasher,minutes:91,English
Let Go,2024,Drama,minutes:110,Swedish
Meet Me Next Christmas,2024,Romantic comedy,minutes:105,English
Pedro Páramo,2024,Drama,minutes:132,Spanish
10 Days of a Curious Man,2024,Drama,minutes:110,Turkish
Umjolo: The Gone Girl,2024,Romantic comedy,minutes:93,Zulu
Vijay 69,2024,Comedy drama,minutes:112,Hindi
Hot Frosty,2024,Romantic comedy,minutes:92,English
GTMAX,2024,Action,minutes:100,French
The Merry Gentlemen,2024,Romantic comedy,minutes:87,English
Maybe Baby 2,2024,Comedy,minutes:107,Danish
Joy,2024,Drama,minutes:115,English
Spellbound,2024,Animated musical fantasy,minutes:110,English
The Piano Lesson,2024,Drama,minutes:127,English
Our Little Secret,2024,Romantic comedy,minutes:101,English
Sikandar Ka Muqaddar,2024,Crime drama,minutes:143,Hindi
The Snow Sister,2024,Holiday,minutes:97,Norwegian
That Christmas,2024,Animation,minutes:97,English
The Children's Train,2024,Period drama,minutes:106,Italian
Camp Crasher,2024,Comedy,minutes:95,Spanish
Mary,2024,Period drama,minutes:112,English
Carry-On,2024,Action thriller,minutes:119,English
Disaster Holiday,2024,Comedy,minutes:93,English
Ferry 2,2024,Crime drama,minutes:95,Dutch
The Six Triple Eight,2024,Period drama,minutes:129,English
Umjolo: Day Ones,2024,Romantic comedy,minutes:86,Zulu
Bitconned,2024,Documentary,minutes:94,English
The Greatest Night in Pop,2024,Documentary,minutes:97,English
"Lover, Stalker, Killer",2024,Documentary,minutes:90,English
Einstein and the Bomb,2024,Documentary,minutes:76,English
You Are Not Alone: Fighting the Wolf Pack,2024,Documentary,minutes:102,Spanish
To Kill a Tiger,2024,Documentary,minutes:127,Hindi
The Antisocial Network: Memes to Mayhem,2024,Documentary,minutes:85,English
What Jennifer Did,2024,Documentary,minutes:87,English
The Doomsday Cult of Antares de la Luz,2024,Documentary,minutes:100,Spanish
Hack Your Health: The Secrets of Your Gut,2024,Documentary,minutes:79,English
Secrets of the Neanderthals,2024,Documentary,minutes:80,English
The Final: Attack on Wembley,2024,Documentary,minutes:82,English
The Guardian of the Monarchs,2024,Documentary,minutes:91,Spanish
Living with Leopards,2024,Documentary,minutes:71,English
Power,2024,Documentary,minutes:88,English
Illusions for Sale: The Rise and Fall of Generation Zoe,2024,Documentary,minutes:107,Spanish
How to Rob a Bank,2024,Documentary,minutes:88,English
Nelma Kodama: The Queen of Dirty Money,2024,Documentary,minutes:94,Portuguese
Rafa Márquez: El Capitán,2024,Documentary,minutes:82,Spanish
Mysteries of the Terracotta Warriors,2024,Documentary,minutes:77,English
Outstanding: A Comedy Revolution,2024,Documentary,minutes:99,English
Black Barbie: A Documentary,2024,Documentary,minutes:113,English
The Accidental Twins,2024,Documentary,minutes:84,Spanish
Skywalkers: A Love Story,2024,Documentary,minutes:100,English
Mountain Queen: The Summits of Lhakpa Sherpa,2024,Documentary,minutes:104,English
"Mon Laferte, te amo",2024,Documentary,minutes:78,Spanish
Modern Masters: S. S. Rajamouli,2024,Documentary,minutes:74,English
Inside the Mind of a Dog,2024,Documentary,minutes:75,English
Daughters,2024,Documentary,minutes:108,English
Untold: The Murder of Air McNair,2024,Documentary,minutes:58,English
Secret Lives of Orangutans,2024,Documentary,minutes:79,English
Untold: Sign Stealer,2024,Documentary,minutes:87,English
Untold: Hope Solo vs. U.S. Soccer,2024,Documentary,minutes:74,English
Apollo 13: Survival,2024,Documentary,minutes:98,English
Jailbreak: Love on the Run,2024,Documentary,minutes:88,English
An Invisible Victim: The Eliza Samudio Case,2024,Documentary,minutes:101,Portuguese
Will & Harper,2024,Documentary,minutes:114,English
The Menendez Brothers,2024,Documentary,minutes:118,English
Breaking the Silence: The Maria Soledad Case,2024,Documentary,minutes:95,Spanish
Sweet Bobby: My Catfish Nightmare,2024,Documentary,minutes:82,English
The Turnaround,2024,Documentary,minutes:25,English
The Remarkable Life of Ibelin,2024,Documentary,minutes:103,English
Martha,2024,Documentary,minutes:113,English
It's All Over: The Kiss That Changed Spanish Football,2024,Documentary,minutes:95,Spanish
Return of the King: The Fall and Rise of Elvis Presley,2024,Documentary,minutes:91,English
The Lost Children,2024,Documentary,minutes:96,Spanish
Nayanthara: Beyond the Fairytale,2024,Documentary,minutes:82,English
Buy Now: The Shopping Conspiracy,2024,Documentary,minutes:84,English
The Only Girl in the Orchestra,2024,Documentary,minutes:35,English
Biggest Heist Ever,2024,Documentary,minutes:87,English
Makayla's Voice: A Letter to the World,2024,Documentary,minutes:24,English
Julia's Stepping Stone,2024,Documentary,minutes:32,English
Yo Yo Honey Singh: Famous,2024,Documentary,minutes:80,Hindi
Avicii – I'm Tim,2024,Documentary,minutes:96,English
Society of the Snow: Who Were We on the Mountain?,2024,Behind the scenes,minutes:36,Spanish
Sit Down with Stand Up Udom Taephanich,2024,Talk show,minutes:124,Thai
The 30th Annual Screen Actors Guild Awards,2024,Award show,minutes:195,English
The Netflix Slam,2024,Sports event,minutes:161,English
Creating a Universe – The Making of Rebel Moon,2024,Behind the scenes,minutes:28,English
Rebel Moon – Chapter One: Chalice of Blood,2024,Director's cut,minutes:204,English
Rebel Moon – Chapter Two: Curse of Forgiveness,2024,Director's cut,minutes:173,English
Chestnut vs. Kobayashi: Unfinished Beef,2024,Competitive eating,minutes:72,English
The Bad Guys: Haunted Heist,2024,Animated heist comedy,minutes:24,English
Olivia Rodrigo: GUTS World Tour,2024,Concert,minutes:104,English
Jake Paul vs. Mike Tyson,2024,Sports event,minutes:306,English
A Nonsense Christmas with Sabrina Carpenter,2024,MusicVariety,minutes:50,English
Family Pack: Fireplace,2024,Fireplace,minutes:60,No dialogue
Mid-Century Modern Fireplace,2024,Fireplace,minutes:60,No dialogue
Rustic Cabin Fireplace,2024,Fireplace,minutes:60,No dialogue
Spellbound: Fireplace,2024,Fireplace,minutes:60,No dialogue
White Christmas Fireplace,2024,Fireplace,minutes:60,No dialogue
Christmas Gameday: Chiefs vs. Steelers,2024,Sports event,minutes:326,English
Christmas Gameday: Ravens vs. Texans,2024,Sports event,minutes:236,English
Avicii – My Last Show,2024,DJ mixset,minutes:29,English
Sing: Thriller,2024,Animated jukebox musical comedy,minutes:11,English
